sample_name	snp_precision	snp_recall	indel_precision	indel_recall	snp_count_1	snp_count_2	snp_shared	snp_missing	snp_extra	indel_count_1	indel_count_2	indel_shared	indel_missing	indel_extra
2016.249.17.MH.P033	0.9176279447603576	0.95308808639892	0.7847593582887701	0.7693315858453473	5926	6155	5648	278	507	763	748	587	176	161
2016.249.18.WH.P025	0.3441592456783656	0.5652423286492687	0.3368107302533532	0.6330532212885154	3487	5727	1971	1516	3756	357	671	226	131	445
B_ALL_Case_10	0.9519964109466128	0.9494407158836689	0.6870229007633588	0.8144796380090498	2235	2229	2122	113	107	221	262	180	41	82
CUP-Pairs8	0.9414316702819956	0.9643183897529736	0.8096654275092937	0.8090638930163447	15302	15674	14756	546	918	1346	1345	1089	257	256
DiploidNeverResponder	0.9286332179930796	0.9487406098099868	0.7570498915401301	0.9232804232804231	6789	6936	6441	348	495	378	461	349	29	112
SBJ00303	0.9610909090909092	0.96126568466994	0.8067885117493473	0.8704225352112676	5499	5500	5286	213	214	355	383	309	46	74
SEQC50	0.9706342311033884	0.974585635359116	0.8266733266733267	0.828743114672008	34390	34530	33516	874	1014	1997	2002	1655	342	347
SFRC01073	0.9799936988027724	0.9830910240202276	0.8522622345337026	0.9248496993987976	12656	12696	12442	214	254	998	1083	923	75	160
