sample_name	sv_count_1	sv_count_2	precision	recall	shared	missing	extra
2016.249.17.MH.P033	232	223	0.874439461883408	0.8405172413793104	195	37	28
2016.249.18.WH.P025	81	24	0.7916666666666666	0.2345679012345679	19	62	5
B_ALL_Case_10	88	91	0.8131868131868132	0.8409090909090909	74	14	17
CUP-Pairs8	1283	2351	0.4202467035304126	0.7700701480904131	988	295	1363
DiploidNeverResponder	122	120	0.725	0.7131147540983607	87	35	33
SBJ00303	328	327	0.9021406727828746	0.899390243902439	295	33	32
SEQC50	909	859	0.8521536670547147	0.8052805280528053	732	177	127
SFRC01073	601	593	0.8128161888701517	0.8019966722129783	482	119	111
