sample_name	sv_count_1	sv_count_2	precision	recall	shared	missing	extra
SEQC50	909	859	0.8521536670547147	0.8052805280528053	732	177	127
