genes_cn_diff	genes_min_cn_diff	genes_max_cn_diff	min_cn_diff_mean	max_cn_diff_mean	min_cn_diff_mean_ex	max_cn_diff_mean_ex	sample_name
270	268	237	0.024420530847618305	0.022213808357690195	0.38801380597014934	0.20221856540084396	2016.249.17.MH.P033
