sample_name	snp_precision	snp_recall	indel_precision	indel_recall	snp_count_1	snp_count_2	snp_shared	snp_missing	snp_extra	indel_count_1	indel_count_2	indel_shared	indel_missing	indel_extra
2016.249.17.MH.P033	0.989929007759617	0.9863464385589736	0.6853146853146853	0.8142433234421365	6079	6057	5996	83	61	1685	1848	1372	313	630
2016.249.18.WH.P025	0.983160621761658	0.990699951052374	0.6923076923076923	0.8065512978986403	6129	6174	6072	57	104	1618	1736	1305	313	580
B_ALL_Case_10	0.98840206185567	0.9869485294117648	0.6510138740661686	0.7850707850707851	5440	5430	5369	71	63	1554	1693	1220	334	654
CUP-Pairs8	0.9816532258064516	0.9888302193338748	0.6996124031007752	0.8161266013564431	4924	4959	4869	55	91	1260	1489	1083	244	465
DiploidNeverResponder	0.9862646566164154	0.9867605161722808	0.6752226296490309	0.7922556853103873	5967	5970	5888	79	82	1627	1736	1289	338	620
SBJ00303	0.9879017695919105	0.98915205207015	0.6586280814576635	0.8037933289731851	5531	5537	5471	60	67	1529	1696	1229	300	637
SEQC50	0.985878661087866	0.9907147862648914	0.6501880709296077	0.8515130190007038	5708	5736	5655	53	81	1421	1729	1210	211	651
SFRC01073	0.9905130007027408	0.9898174157303372	0.6811301715438951	0.7992895204262878	5696	5692	5638	58	54	1689	1805	1350	339	632
