genes_cn_diff	genes_min_cn_diff	genes_max_cn_diff	min_cn_diff_mean	max_cn_diff_mean	min_cn_diff_mean_ex	max_cn_diff_mean_ex	sample_name
270	268	237	0.0244205308476183	0.0222138083576901	0.3880138059701493	0.2022185654008439	2016.249.17.MH.P033
38	36	15	0.0046940121652579	0.0033499684019274	1.0032249999999998	0.1417533333333332	2016.249.18.WH.P025
22	21	8	0.0029763725412749	0.0021589738525949	1.033804761904762	0.2406749999999999	B_ALL_Case_10
5559	5322	5462	0.0746976419938383	0.0755206453906311	0.1971425028184892	0.1956267667521054	CUP-Pairs8
273	270	265	0.0079897424757089	0.0075572201595702	0.2017792592592593	0.1657894339622642	DiploidNeverResponder
31	29	10	0.0069144047713089	0.0041317797614345	2.507689655172414	0.1582400000000001	SBJ00303
473	455	433	0.0243274034283908	0.0203418595465676	0.6007202197802197	0.3970265588914549	SEQC50
151	140	122	0.0064944229402006	0.004313251441662	0.7170485714285714	0.368222131147541	SFRC01073
